Product,Price,Link
JVCC PES-32G Polyester Film Packaging Tape: 3/4 in x 60 yds. (Clear),$4,https://www.newegg.com/p/2Y3-00CG-000A7?Description=PES&cm_re=PES-_-9SIACWF5D82991-_-Product
JVCC PES-32G Polyester Film Packaging Tape: 1 in x 60 yds. (Clear),$5,https://www.newegg.com/p/2Y3-00CG-000A8?Description=PES&cm_re=PES-_-9SIACWF5D82994-_-Product
"ZORO SELECT 12U288 Rope,PES,7/32 In. dia.,100 ft. L",$8,https://www.newegg.com/p/303-0003-002W9?Description=PES&cm_re=PES-_-9SIA5D52PM0431-_-Product
JVCC PES-32G Polyester Film Packaging Tape: 2 in x 60 yds. (Clear),$9,https://www.newegg.com/p/2Y3-0074-00005?Description=PES&cm_re=PES-_-9SIACWF5D82992-_-Product
Lindys PES-1 LINDYs 1-qt Stainless Steel Pail,$9,https://www.newegg.com/p/08V-009C-00001?Description=PES&cm_re=PES-_-9SIA00Y51Y1816-_-Product
"ZORO SELECT 12U289 Rope,PES,1/4 In. dia.,100 ft. L",$10,https://www.newegg.com/p/303-0003-002E3?Description=PES&cm_re=PES-_-9SIA5D52NR2191-_-Product
JVCC PES-32G Polyester Film Packaging Tape: 3 in x 60 yds. (Clear),$13,https://www.newegg.com/p/2Y3-00CG-000A9?Description=PES&cm_re=PES-_-9SIACWF5D83013-_-Product
"PES GH-S37D-Mini Micro Servo para Control aeromodelado, 3,7g, Dirección de vuelo, avión, helicóptero, modelo, engranaje de dirección",$14,https://www.newegg.com/p/2S7-07JP-00GD0?Description=PES&cm_re=PES-_-9SIB1A6GG85437-_-Product
"PES GH-S37D-Mini Micro Servo, GH-S37A, 3,7g, para avión, helicóptero, barco, Coche",$15,https://www.newegg.com/p/2S7-07JP-00NC4?Description=PES&cm_re=PES-_-9SIB1A6GG89473-_-Product
Microsoft Xbox One Pes 2015 Pro Evolution Soccer  Factory Sealed,$15,https://www.newegg.com/p/2N9-0001-002P1?Description=PES&cm_re=PES-_-9SIAY4BEST5913-_-Product
Lindys PES-6 LINDYs 6-qt Stainless Steel Pail,$17,https://www.newegg.com/p/12T-005D-00002?Description=PES&cm_re=PES-_-9SIA00Y51Y0402-_-Product
"ZORO SELECT 12U290 Rope,PES,3/8 In. dia.,100 ft. L",$17,https://www.newegg.com/p/303-0003-002F3?Description=PES&cm_re=PES-_-9SIA5D52NR2280-_-Product
JVCC PES-32G Polyester Film Packaging Tape: 4 in x 60 yds. (Clear),$18,https://www.newegg.com/p/2Y3-00CG-000B1?Description=PES&cm_re=PES-_-9SIACWF5D83015-_-Product
Epoca PES-3306 P Aluminum Stovetop Coffee Maker,$18,https://www.newegg.com/p/0WU-000F-00005?Description=PES&cm_re=PES-_-9SIA00Y0BS7621-_-Product
Lindys PES-8 LINDYs 8-qt Stainless Steel Pail,$19,https://www.newegg.com/p/12T-005D-00001?Description=PES&cm_re=PES-_-9SIA00Y51Y0029-_-Product
pro evolution soccer pes 2020 ps4,$21,https://www.newegg.com/p/2SH-006B-00002?Description=PES&cm_re=PES-_-2SH-006B-00002-_-Product
512MB RAM Memory for Tiga T Series T-865+PES 184pin PC3200 DDR DIMM 400MHz Black Diamond Memory Module Upgrade,$21,https://www.newegg.com/p/1X5-007R-03FB6?Description=PES&cm_re=PES-_-9SIABYY7HD9897-_-Product
efootball pes 2020 (ps4),$23,https://www.newegg.com/p/2W0-000Y-00059?Description=PES&cm_re=PES-_-2W0-000Y-00059-_-Product
Lindys PES-13 LINDYs 13-qt Stainless Steel Pail,$24,https://www.newegg.com/p/06W-004M-00001?Description=PES&cm_re=PES-_-9SIA00Y51Y0736-_-Product
"PANDUIT PES-S1 Circuit Breaker Directory Label,13""H x 5.5"" W,PK5",$24,https://www.newegg.com/p/30S-001V-00009?Description=PES&cm_re=PES-_-9SIA0SD8N69231-_-Product
"KITCOM PC Build Customization Mod Sleeve Extension ATX Power Supply Braided Cable Kit/Set 18AWG ATX/ Extra-Sleeved 24-PIN / 8-Pin PCI-E (6+2) / 8-Pin PES (4+4) with Combs, Black/Red/Grey Mixture",$26,https://www.newegg.com/kitcom-300mm-extension-cable-black-red/p/1W7-00N9-00002?Description=PES&cm_re=PES-_-1W7-00N9-00002-_-Product
JVCC PES-32G Polyester Film Packaging Tape: 6 in x 60 yds. (Clear),$26,https://www.newegg.com/p/2Y3-00CG-000B0?Description=PES&cm_re=PES-_-2Y3-00CG-000B0-_-Product
1Gb Dimm Asus P4s800-Mx Se P4s8x-Mx P4sd-La P4sd-La Pes Pc3200 Ram Memory,$26,https://www.newegg.com/p/0RN-0133-00831?Description=PES&cm_re=PES-_-9SIB56RH994789-_-Product
pes 2019 - david beckham edition (ps4),$32,https://www.newegg.com/p/2W0-000Y-00057?Description=PES&cm_re=PES-_-2W0-000Y-00057-_-Product
Primula PES-3306 Aluminum Stovetop Coffee Maker,$32,https://www.newegg.com/primula-pes-3306-6-cup/p/N82E16896648031?Description=PES&cm_re=PES-_-96-648-031-_-Product
"1STPLAYER/KITCOM PC Build Customization Mod Sleeve Extension ATX Power Supply Braided Cable Kit/Set 18AWG ATX/ Extra-Sleeved 24-PIN / 8-Pin PCI-E (6+2) / 8-Pin PES (4+4) with Combs, Black/Red/Grey Mix",$33,https://www.newegg.com/p/1W7-00G6-00003?Description=PES&cm_re=PES-_-1W7-00G6-00003-_-Product
pes 2018 ps4,$35,https://www.newegg.com/p/103-000K-00059?Description=PES&cm_re=PES-_-9SIA17P8341728-_-Product
"PES"" Paper Knife",$35,https://www.newegg.com/p/3AR-00US-00006?Description=PES&cm_re=PES-_-9SIB676GJ19914-_-Product
14.4 volt Milwaukee PES 14.4 T battery by Powewarehouse - Professional Grade battery pack,$35,https://www.newegg.com/p/04E-00DN-00451?Description=PES&cm_re=PES-_-9SIA3770ZY1204-_-Product
PES Paper Knife,$37,https://www.newegg.com/p/3AR-0474-00004?Description=PES&cm_re=PES-_-9SIAZ8TFUX8080-_-Product
ps4 - pes 2019 - [pal eu],$39,https://www.newegg.com/p/2W0-000Y-00037?Description=PES&cm_re=PES-_-2W0-000Y-00037-_-Product
pes 2018 (xbox one),$40,https://www.newegg.com/p/2N9-000B-00031?Description=PES&cm_re=PES-_-9SIAJ7W8JD1111-_-Product
efootball pes 2020 (xbox one),$40,https://www.newegg.com/p/2N9-000B-00052?Description=PES&cm_re=PES-_-2N9-000B-00052-_-Product
2GB 2X1GB RAM Memory for Tiga T Series T-865+PES DDR DIMM 184pin PC3200 400MHz Black Diamond Memory Module Upgrade,$42,https://www.newegg.com/p/1X5-007R-00V25?Description=PES&cm_re=PES-_-9SIABYY7FN7864-_-Product
eFootball PES 2021 - PS4 - PlayStation 4,$46,https://www.newegg.com/konami-efootball-pes-2021-ps4/p/N82E16879248156?Description=PES&cm_re=PES-_-9SIAZF8EWE0639-_-Product
Battery Replacement for Milwaukee PES 7.2T BS2E7.2T,$50,https://www.newegg.com/p/14R-08VY-01651?Description=PES&cm_re=PES-_-9SIATAUD8C1597-_-Product
Battery Replacement for Milwaukee PES9.6 PES 9.6T PCS6T MX9.6 4 932 353 638 4 932 366 429 BX9.6 BXS9.6 B9.6,$51,https://www.newegg.com/p/14R-08VY-015X4?Description=PES&cm_re=PES-_-9SIATAUD8C0750-_-Product
Battery Replacement for ATLAS COPCO PES9.6 PES 9.6T PCS6T BXS9.6 B9.6 MX9.6 4 932 366 429 BX9.6 4 932 353 638,$51,https://www.newegg.com/p/14R-08VY-015X2?Description=PES&cm_re=PES-_-9SIATAUD8C0748-_-Product
Battery Replacement for Milwaukee PES9.6 PCS6T PES 9.6T 4 932 353 638 MX9.6 4 932 366 429 B9.6 BX9.6 BXS9.6,$56,https://www.newegg.com/p/14R-08VY-015Y2?Description=PES&cm_re=PES-_-9SIATAUD8C1208-_-Product
Battery Replacement for ATLAS COPCO PES 9.6T PCS6T PES9.6 B9.6 BX9.6 4 932 366 429 4 932 353 638 MX9.6 BXS9.6,$56,https://www.newegg.com/p/14R-08VY-015X9?Description=PES&cm_re=PES-_-9SIATAUD8C1205-_-Product
"LAB SAFETY SUPPLY 11L855 Syringe Filter,PES,0.45um,30mm,PK30",$61,https://www.newegg.com/p/2A7-00AT-00095?Description=PES&cm_re=PES-_-9SIA5D52PX5460-_-Product
Battery Replacement for Milwaukee PAS 14.4 Power Plus PES 14.4 T PIW 14.4 HEX 0513-21 9082-22 0516-20 9083-22 0617-24 6562-21 0514-20 9082-22 6562-23 0512-25 0516-20 0516-22 0513-20 9083-20,$69,https://www.newegg.com/p/14R-08VY-015Y1?Description=PES&cm_re=PES-_-9SIATAUD8C1207-_-Product
Prolific Raspberry Lemonade by PES - 20 Servings,$70,https://www.newegg.com/pescience/p/0DC-057J-00034?Description=PES&cm_re=PES-_-9SIA17MFGH9152-_-Product
High Volume Melon Berry By PES - 18 Servings,$70,https://www.newegg.com/pescience/p/0DC-057J-00033?Description=PES&cm_re=PES-_-9SIA17MFGH9146-_-Product
"LAB SAFETY SUPPLY 11L852 Syringe Filter,PES,0.22um,13mm,PK75",$74,https://www.newegg.com/p/2A7-00AT-001R2?Description=PES&cm_re=PES-_-9SIA5D5B376810-_-Product
"Rope, PES, Braided, 3/16 In. dia., 500 ft. L",$78,https://www.newegg.com/p/0PS-00JH-00018?Description=PES&cm_re=PES-_-9SIA0SDH7B6190-_-Product
"11L855 Syrin Filter,Pes,0.45Um,30Mm,Pk30",$94,https://www.newegg.com/p/2Z4-025W-02K53?Description=PES&cm_re=PES-_-9SIB56RGHX8726-_-Product
"11L853 Syrin Filter,Pes,0.22Um,30Mm,Pk30",$100,https://www.newegg.com/p/2Z4-025W-02K60?Description=PES&cm_re=PES-_-9SIB56RGHX8874-_-Product
pes 2018 (xbox 360),$116,https://www.newegg.com/p/0PC-000P-001H3?Description=PES&cm_re=PES-_-9SIAJ7W8JC2745-_-Product
"3sthsc58150 Rope/Pes/Copolymer 5/8 In. Dia.,150 Ft L",$167,https://www.newegg.com/p/2Z4-025W-015K4?Description=PES&cm_re=PES-_-9SIB56RGGG8267-_-Product
"Climbing Rope, PES, 1/2 In. dia., 120 ft. L",$178,https://www.newegg.com/p/0PS-00JH-00016?Description=PES&cm_re=PES-_-9SIA0SDH8B3953-_-Product
"ALL GEAR AG24SP716120S Climbing Rope,PES,7/16 In. dia.,120 ft L",$181,https://www.newegg.com/p/303-0017-00052?Description=PES&cm_re=PES-_-9SIA0SDH7B6607-_-Product
"STERLING ROPE P105040046 Static Rope,PES,3/8 In. dia.,150 ft. L",$194,https://www.newegg.com/p/303-0020-00016?Description=PES&cm_re=PES-_-303-0020-00016-_-Product
"STERLING ROPE P110080046 Static Rope,PES,7/16 In. dia.,150 ft. L",$194,https://www.newegg.com/p/303-0020-00017?Description=PES&cm_re=PES-_-9SIA5D52R52097-_-Product
"24sp716120s Climbing Rope,Pes,7/16 In. Dia.,120 Ft L",$199,https://www.newegg.com/p/2Z4-025W-040U6?Description=PES&cm_re=PES-_-9SIB56RGM24194-_-Product
"ALL GEAR AG16SP12120S Climbing Rope,PES,1/2 In. dia.,120 ft. L",$200,https://www.newegg.com/p/303-0017-00045?Description=PES&cm_re=PES-_-9SIA0SDH7B6609-_-Product
"24sp716120ro Climbing Rope,Pes,7/16 In. Dia.,120 Ft L",$200,https://www.newegg.com/p/2Z4-025W-01U57?Description=PES&cm_re=PES-_-9SIB56RGH44052-_-Product
"ALL GEAR AG16SP12120N Climbing Rope,PES,1/2 In. dia.,120 ft. L",$201,https://www.newegg.com/p/303-0017-00060?Description=PES&cm_re=PES-_-9SIA0SDCY69613-_-Product
"STERLING ROPE P130060046 Static Rope,PES,1/2 In. dia.,150 ft. L",$229,https://www.newegg.com/p/303-0020-00038?Description=PES&cm_re=PES-_-303-0020-00038-_-Product
"12sp12150g Climbing Rope,Pes,1/2 In. Dia.,150 Ft. L",$239,https://www.newegg.com/p/2Z4-025W-02692?Description=PES&cm_re=PES-_-9SIB56RGHG7786-_-Product
"STERLING ROPE P105040061 Static Rope,PES,3/8 In. dia.,200 ft. L",$244,https://www.newegg.com/p/303-0020-00012?Description=PES&cm_re=PES-_-303-0020-00012-_-Product
"STERLING ROPE P160000046 Static Rope,PES,5/8 In. dia.,150 ft. L",$244,https://www.newegg.com/p/303-0020-00033?Description=PES&cm_re=PES-_-303-0020-00033-_-Product
"ALL GEAR AG16SP12150N Climbing Rope,PES,1/2 In. dia.,150 ft. L",$249,https://www.newegg.com/p/303-0017-00058?Description=PES&cm_re=PES-_-9SIA0SDH7B5946-_-Product
"km12150dbgy Climbing Rope,Pes,1/2 In. Dia.,150 Ft. L",$258,https://www.newegg.com/p/2Z4-025W-02708?Description=PES&cm_re=PES-_-9SIB56RGHH5155-_-Product
"STERLING ROPE P110080061 Static Rope,PES,7/16 In. dia.,200 ft. L",$259,https://www.newegg.com/p/303-0020-00030?Description=PES&cm_re=PES-_-9SIA5D538D4792-_-Product
"ALL GEAR AGBR916150 Bull Rope,PES/Nylon,9/16In. dia.,150ft L",$280,https://www.newegg.com/p/0PS-00JH-00011?Description=PES&cm_re=PES-_-9SIA0SDH7B6028-_-Product
"STERLING ROPE P130060061 Static Rope,PES,1/2 In. dia.,200 ft. L",$299,https://www.newegg.com/p/303-0020-00028?Description=PES&cm_re=PES-_-9SIA5D536T1706-_-Product
"12K969 Pes Syrin Filters 0.22,Pk100",$344,https://www.newegg.com/p/2Z4-025W-026G3?Description=PES&cm_re=PES-_-9SIB56RGHH1779-_-Product
"ALL GEAR AG12SP58150RW Climbing Rope,PES,5/8 In. dia.,150 ft. L",$371,https://www.newegg.com/p/303-0017-00044?Description=PES&cm_re=PES-_-9SIA0SDH7B6029-_-Product
Escalator controller Monarch MCTC-PES-E1 (standard protocol ),$393,https://www.newegg.com/p/2S7-07JP-11T73?Description=PES&cm_re=PES-_-9SIB4JHGH95623-_-Product
"ALL GEAR AGBR34150 Bull Rope,PES/Nylon,3/4 In. dia.,150ft L",$394,https://www.newegg.com/p/0PS-00JH-00029?Description=PES&cm_re=PES-_-9SIA0SDCY66106-_-Product
"Thermo Fisher Scientific - 167-0045 - Filter Unit 1000ml PES 90mm Diameter Membrane 90mm, 0.45um",$410,https://www.newegg.com/p/334-00AM-000J6?Description=PES&cm_re=PES-_-9SIA389AWC4286-_-Product
"STERLING ROPE P130060092 Static Rope,PES,1/2 In. dia.,300 ft. L",$491,https://www.newegg.com/p/303-0020-00052?Description=PES&cm_re=PES-_-9SIA5D5B176803-_-Product
"STERLING ROPE P160000092 Static Rope,PES,,5/8 In. dia.,300 ft. L",$539,https://www.newegg.com/p/148-0091-00008?Description=PES&cm_re=PES-_-9SIA5D5B180324-_-Product
"STERLING ROPE P105000183 Static Rope,PES,3/8 In. dia.,600 ft. L",$629,https://www.newegg.com/p/303-0020-00037?Description=PES&cm_re=PES-_-9SIA5D53CJ7682-_-Product
"STERLING ROPE P110080183 Static Rope,PES,7/16 In. dia.,600 ft. L",$749,https://www.newegg.com/p/303-0020-00053?Description=PES&cm_re=PES-_-9SIA5D5B176817-_-Product
"STERLING ROPE P130060183 Static Rope,PES,1/2 In. dia.,600 ft. L",$889,https://www.newegg.com/p/303-0020-00013?Description=PES&cm_re=PES-_-9SIA5D52R51986-_-Product
"12sp12600g Climbing Rope,Pes,1/2 In. Dia.,600 Ft. L",$944,https://www.newegg.com/p/2Z4-025W-025Z8?Description=PES&cm_re=PES-_-9SIB56RGHG6357-_-Product
"16sp12600n Climbing Rope,Pes,1/2 In. Dia.,600 Ft. L",$1009,https://www.newegg.com/p/2Z4-025W-028N4?Description=PES&cm_re=PES-_-9SIB56RGHK4738-_-Product
"916600 Bull Rope,Pes/Nylon,9/16In. Dia.,600Ft L",$1136,https://www.newegg.com/p/2Z4-025W-015B3?Description=PES&cm_re=PES-_-9SIB56RGGG5202-_-Product
"ALL GEAR AGBR58600 Bull Rope,PES/Nylon,5/8 In. dia.,600ft L",$1376,https://www.newegg.com/p/0PS-00JH-00037?Description=PES&cm_re=PES-_-9SIA0SDH7B6610-_-Product
"34600 Bull Rope,Pes/Nylon,3/4 In. Dia.,600Ft L",$1781,https://www.newegg.com/p/2Z4-025W-027J9?Description=PES&cm_re=PES-_-9SIB56RGHJ1843-_-Product
